ordre;PV_Sensibilite;Sensibilite_Name;Sensibilite_Id;Section_Id;Section_texte
2;RAM_Resultat_Sensibilite_1;RAM_Résultat Sensibilite 1;nWFwlV7CTdv;bjgnTc0KPGz;Antibiotique testé 2
3;RAM_Resultat_Sensibilite_2;RAM_Résultat Sensibilite 2;O1lPUYWYwT7;C98U9sxWwFH;Antibiotique testé 3
4;RAM_Resultat_Sensibilite_3;RAM_Résultat Sensibilite 3;vHTibj6BLSd;w8b8Ek5jY16;Antibiotique testé 4
5;RAM_Resultat_Sensibilite_4;RAM_Résultat Sensibilite 4;OHXroQpP1CQ;FxYHXrHxD4v;Antibiotique testé 5
6;RAM_Resultat_Sensibilite_5;RAM_Résultat Sensibilite 5;RVUowFQClds;IOed9eq9nEB;Antibiotique testé 6
7;RAM_Resultat_Sensibilite_6;RAM_Résultat Sensibilite 6;fEltJM2S4gd;tjaWiuOQCeu;Antibiotique testé 7
8;RAM_Resultat_Sensibilite_7;RAM_Résultat Sensibilite 7;YrNn0JdFd53;JsQQgqrBtoy;Antibiotique testé 8
9;RAM_Resultat_Sensibilite_8;RAM_Résultat Sensibilite 8;PSA2STEJus6;WJR03wuhXlv;Antibiotique testé 9
10;RAM_Resultat_Sensibilite_9;RAM_Résultat Sensibilite 9;V6wxcLT55PB;n7P3NtFBchn;Antibiotique testé 10
11;RAM_Resultat_Sensibilite_10;RAM_Résultat Sensibilite 10;AqTHFHnHPjP;uy5bE4636LY;Antibiotique testé 11
12;RAM_Resultat_Sensibilite_11;RAM_Résultat Sensibilite 11;vgMhNvCAeRu;PNyVPC9HcLd;Antibiotique testé 12
13;RAM_Resultat_Sensibilite_12;RAM_Résultat Sensibilite 12;zUTWZAouFpU;pH72esyXFD8;Antibiotique testé 13
14;RAM_Resultat_Sensibilite_13;RAM_Résultat Sensibilite 13;P7tkQtsPeuw;aICSdoisF2S;Antibiotique testé 14
15;RAM_Resultat_Sensibilite_14;RAM_Résultat Sensibilite 14;HCi3zux1kmg;PGiwL48awUd;Antibiotique testé 15
16;RAM_Resultat_Sensibilite_15;RAM_Résultat Sensibilite 15;nfPhKLqxsGH;WCJ5gLokaCi;Antibiotique testé 16
17;RAM_Resultat_Sensibilite_16;RAM_Résultat Sensibilite 16;jsP2VMUFj2Y;oGu6SZ00j31;Antibiotique testé 17
18;RAM_Resultat_Sensibilite_17;RAM_Résultat Sensibilite 17;QUfrD0UMm7O;ReDnfJgGM6p;Antibiotique testé 18
19;RAM_Resultat_Sensibilite_18;RAM_Résultat Sensibilite 18;Ni0oP04YdRk;GprYyZ8d4Fj;Antibiotique testé 19
20;RAM_Resultat_Sensibilite_19;RAM_Résultat Sensibilite 19;IAGgl5vzTx3;Sec7bzoZlg6;Antibiotique testé 20
21;RAM_Resultat_Sensibilite_20;RAM_Résultat Sensibilite 20;oUmMd1k4Tdw;JVvb26Hkd55;Antibiotique testé 21
22;RAM_Resultat_Sensibilite_21;RAM_Résultat Sensibilite 21;RJBt54Z53xV;snCRucMZoQy;Antibiotique testé 22
23;RAM_Resultat_Sensibilite_22;RAM_Résultat Sensibilite 22;yc8hUQN62Ak;j1VpqwReGiM;Antibiotique testé 23
24;RAM_Resultat_Sensibilite_23;RAM_Résultat Sensibilite 23;HKoRwPnbuh9;uOCIpzGOfTf;Antibiotique testé 24
25;RAM_Resultat_Sensibilite_24;RAM_Résultat Sensibilite 24;cSGRgdZn21b;qceAuYsEZPL;Antibiotique testé 25
26;RAM_Resultat_Sensibilite_25;RAM_Résultat Sensibilite 25;rRiCLJuWj8U;LCsGkOEtDIt;Antibiotique testé 26
27;RAM_Resultat_Sensibilite_26;RAM_Résultat Sensibilite 26;zsYgL5nvDSx;CDlIRPOeUgK;Antibiotique testé 27
28;RAM_Resultat_Sensibilite_27;RAM_Résultat Sensibilite 27;Q5Fx086TopI;LszRLZLA1TF;Antibiotique testé 28
29;RAM_Resultat_Sensibilite_28;RAM_Résultat Sensibilite 28;vBqxjW5amgL;xRgvxzd3rHp;Antibiotique testé 29
30;RAM_Resultat_Sensibilite_29;RAM_Résultat Sensibilite 29;ryGfxzJHK3R;lYZf3c9S0gp;Antibiotique testé 30
31;RAM_Resultat_Sensibilite_30;RAM_Résultat Sensibilite 30;dugZRqPmzFb;y1OK2y6OkhU;Antibiotique testé 31
32;RAM_Resultat_Sensibilite_31;RAM_Résultat Sensibilite 31;iox9HL78KGi;wF5dTXDVTGm;Antibiotique testé 32
33;RAM_Resultat_Sensibilite_32;RAM_Résultat Sensibilite 32;ZKHyz2UAd09;wosPUmCKhd4;Antibiotique testé 33
34;RAM_Resultat_Sensibilite_33;RAM_Résultat Sensibilite 33;gOSStqTjmAN;jOP1SprmlkZ;Antibiotique testé 34
35;RAM_Resultat_Sensibilite_34;RAM_Résultat Sensibilite 34;Sw71MbOUBXA;G6HBM57LGCW;Antibiotique testé 35
36;RAM_Resultat_Sensibilite_35;RAM_Résultat Sensibilite 35;JZIgDEjoonQ;WRQaVR9GgDz;Antibiotique testé 36
37;RAM_Resultat_Sensibilite_36;RAM_Résultat Sensibilite 36;q1ZnlexpyZu;z8aTMlFyQDD;Antibiotique testé 37
38;RAM_Resultat_Sensibilite_37;RAM_Résultat Sensibilite 37;seYiaJmpkug;QdDcTfooala;Antibiotique testé 38
39;RAM_Resultat_Sensibilite_38;RAM_Résultat Sensibilite 38;t9ja1NR5wn1;wq4XhfKhp6L;Antibiotique testé 39
40;RAM_Resultat_Sensibilite_39;RAM_Résultat Sensibilite 39;OSdvShSenlf;CjucDlbUAg9;Antibiotique testé 40
41;RAM_Resultat_Sensibilite_40;RAM_Résultat Sensibilite 40;B2kTzVJ2l1W;roNwJlULcye;Antibiotique testé 41
42;RAM_Resultat_Sensibilite_41;RAM_Résultat Sensibilite 41;PBuiGzcOOEX;eRTTzhOfGyi;Antibiotique testé 42
43;RAM_Resultat_Sensibilite_42;RAM_Résultat Sensibilite 42;UgmSeYLsNQJ;dscoO0SbWh0;Antibiotique testé 43
44;RAM_Resultat_Sensibilite_43;RAM_Résultat Sensibilite 43;ltaDBtxQS9m;MEK3cqFyJAa;Antibiotique testé 44
45;RAM_Resultat_Sensibilite_44;RAM_Résultat Sensibilite 44;dWasjeY2iHj;mDRCbSKdJSf;Antibiotique testé 45
46;RAM_Resultat_Sensibilite_45;RAM_Résultat Sensibilite 45;mJqzBgLQc6f;kNR3FkWBNu8;Antibiotique testé 46
47;RAM_Resultat_Sensibilite_46;RAM_Résultat Sensibilite 46;mQaF27uLh2p;qiYxbCs8SDa;Antibiotique testé 47
48;RAM_Resultat_Sensibilite_47;RAM_Résultat Sensibilite 47;U2Nr5IxButF;Ys4QQT9vOTN;Antibiotique testé 48
49;RAM_Resultat_Sensibilite_48;RAM_Résultat Sensibilite 48;GuZxaIEocgl;RGDXrvHOVE8;Antibiotique testé 49
50;RAM_Resultat_Sensibilite_49;RAM_Résultat Sensibilite 49;xMlRoKWh3f6;sSghklWgneT;Antibiotique testé 50
51;RAM_Resultat_Sensibilite_50;RAM_Résultat Sensibilite 50;Vwoiw4O1pRn;vYTX4oxQTpm;Antibiotique testé 51
52;RAM_Resultat_Sensibilite_51;RAM_Résultat Sensibilite 51;dwx7I4Y5v4w;JVjvNaujiKK;Antibiotique testé 52
53;RAM_Resultat_Sensibilite_52;RAM_Résultat Sensibilite 52;rSIX6jFGNQt;FXOlcvkeA8P;Antibiotique testé 53
54;RAM_Resultat_Sensibilite_53;RAM_Résultat Sensibilite 53;uKOGZtSLk7D;TfFekkBNECI;Antibiotique testé 54
55;RAM_Resultat_Sensibilite_54;RAM_Résultat Sensibilite 54;UHHDcGuOjyQ;bqDPkxoA80k;Antibiotique testé 55
56;RAM_Resultat_Sensibilite_55;RAM_Résultat Sensibilite 55;EtvXkxMLmi4;H0EocwJhAyJ;Antibiotique testé 56
57;RAM_Resultat_Sensibilite_56;RAM_Résultat Sensibilite 56;ZsNuFg54OL0;B4q2Jesr3I7;Antibiotique testé 57
58;RAM_Resultat_Sensibilite_57;RAM_Résultat Sensibilite 57;mNkOiEDHg6J;aGF4aaLj8c7;Antibiotique testé 58
59;RAM_Resultat_Sensibilite_58;RAM_Résultat Sensibilite 58;MJiPmCiVEGe;TejSHZl7XOS;Antibiotique testé 59
60;RAM_Resultat_Sensibilite_59;RAM_Résultat Sensibilite 59;AiyJsDrkgIT;ev413VGHm1d;Antibiotique testé 60
61;RAM_Resultat_Sensibilite_60;RAM_Résultat Sensibilite 60;OTFR9dzXuNq;FR4CFpyJnmj;Antibiotique testé 61
62;RAM_Resultat_Sensibilite_61;RAM_Résultat Sensibilite 61;Oub35tjVUtg;ASRnmkULmuD;Antibiotique testé 62
63;RAM_Resultat_Sensibilite_62;RAM_Résultat Sensibilite 62;qP5VL05zjmL;G7n4N57paP9;Antibiotique testé 63
64;RAM_Resultat_Sensibilite_63;RAM_Résultat Sensibilite 63;agUDydelpn1;fv7bnOogNXL;Antibiotique testé 64
65;RAM_Resultat_Sensibilite_64;RAM_Résultat Sensibilite 64;YR19HLhia3y;C7s3zHdYxz9;Antibiotique testé 65
66;RAM_Resultat_Sensibilite_65;RAM_Résultat Sensibilite 65;GbvldMMf4c7;iUBX6VHCDki;Antibiotique testé 66
67;RAM_Resultat_Sensibilite_66;RAM_Résultat Sensibilite 66;PDhppauDhIe;qjcJ0MPruyV;Antibiotique testé 67
68;RAM_Resultat_Sensibilite_67;RAM_Résultat Sensibilite 67;zjIFzbloROX;Xzz1Byc7BfA;Antibiotique testé 68
69;RAM_Resultat_Sensibilite_68;RAM_Résultat Sensibilite 68;mch3GxDqsxD;QhASZBQ49J8;Antibiotique testé 69
70;RAM_Resultat_Sensibilite_69;RAM_Résultat Sensibilite 69;cEHK8Jf1UPE;QrXAJfhy1bC;Antibiotique testé 70
71;RAM_Resultat_Sensibilite_70;RAM_Résultat Sensibilite 70;p9Cy6HQW82o;iOFn30NUGsg;Antibiotique testé 71
72;RAM_Resultat_Sensibilite_71;RAM_Résultat Sensibilite 71;nydJDIp6iTi;pxwgGaZQ0Xl;Antibiotique testé 72
73;RAM_Resultat_Sensibilite_72;RAM_Résultat Sensibilite 72;uKyrlRBNiiQ;TxgvnE1uPgR;Antibiotique testé 73
74;RAM_Resultat_Sensibilite_73;RAM_Résultat Sensibilite 73;NqepJHzx55M;AGJ7g9VoQAw;Antibiotique testé 74
75;RAM_Resultat_Sensibilite_74;RAM_Résultat Sensibilite 74;hTrUCQeU50t;Abzqx4BP9cP;Antibiotique testé 75
76;RAM_Resultat_Sensibilite_75;RAM_Résultat Sensibilite 75;Q72VmXhrr1P;BuaM1ZYKt0x;Antibiotique testé 76
77;RAM_Resultat_Sensibilite_76;RAM_Résultat Sensibilite 76;YiJKr0CEaEe;BjOHdZNvjVN;Antibiotique testé 77
78;RAM_Resultat_Sensibilite_77;RAM_Résultat Sensibilite 77;HeGFAiBvcML;blUCTO81hRW;Antibiotique testé 78
79;RAM_Resultat_Sensibilite_78;RAM_Résultat Sensibilite 78;vORg5BArXWT;nNhmtBDKhRO;Antibiotique testé 79
80;RAM_Resultat_Sensibilite_79;RAM_Résultat Sensibilite 79;xFuaFTdwjU9;eojxJ5CSt3D;Antibiotique testé 80
81;RAM_Resultat_Sensibilite_80;RAM_Résultat Sensibilite 80;WQz2bJalZxB;x0jmaBqY8HJ;Antibiotique testé 81
82;RAM_Resultat_Sensibilite_81;RAM_Résultat Sensibilite 81;bHz1KQZJTfZ;mFJU8sTGYeP;Antibiotique testé 82
83;RAM_Resultat_Sensibilite_82;RAM_Résultat Sensibilite 82;BW3q8Aihokl;coUOn0oj870;Antibiotique testé 83
84;RAM_Resultat_Sensibilite_83;RAM_Résultat Sensibilite 83;aKsRBBCRuKk;aX2PjV7nupN;Antibiotique testé 84
85;RAM_Resultat_Sensibilite_84;RAM_Résultat Sensibilite 84;imiCelR0LDi;umfhyAP3S2D;Antibiotique testé 85
86;RAM_Resultat_Sensibilite_85;RAM_Résultat Sensibilite 85;rj3qjcXhNh1;KhblPQFaxnW;Antibiotique testé 86
87;RAM_Resultat_Sensibilite_86;RAM_Résultat Sensibilite 86;Sk4VeRr5FXr;VaRRT1VCnmb;Antibiotique testé 87
88;RAM_Resultat_Sensibilite_87;RAM_Résultat Sensibilite 87;OqpnDCt2mEj;dUwMcNlXMJS;Antibiotique testé 88
89;RAM_Resultat_Sensibilite_88;RAM_Résultat Sensibilite 88;ePjBBXW2ph3;hcygwKpRlkB;Antibiotique testé 89
90;RAM_Resultat_Sensibilite_89;RAM_Résultat Sensibilite 89;LPJk2X6uLGm;YBl2oTZ6iMA;Antibiotique testé 90
91;RAM_Resultat_Sensibilite_90;RAM_Résultat Sensibilite 90;CURhXr7J9iT;IuUKSBUcShR;Antibiotique testé 91
92;RAM_Resultat_Sensibilite_91;RAM_Résultat Sensibilite 91;wh4HZiIRDLr;Vi22hpRs2dN;Antibiotique testé 92
93;RAM_Resultat_Sensibilite_92;RAM_Résultat Sensibilite 92;DLyuqXXL6mo;FLsCOndIRCr;Antibiotique testé 93
94;RAM_Resultat_Sensibilite_93;RAM_Résultat Sensibilite 93;yhydUjma550;Xa67gLvBJaq;Antibiotique testé 94
95;RAM_Resultat_Sensibilite_94;RAM_Résultat Sensibilite 94;hFz0A0CYXbN;od8z3fs0cPO;Antibiotique testé 95
96;RAM_Resultat_Sensibilite_95;RAM_Résultat Sensibilite 95;Cvtw6V2uS2S;iTsRqJD9GQ1;Antibiotique testé 96
97;RAM_Resultat_Sensibilite_96;RAM_Résultat Sensibilite 96;Mde9pDi6Njs;iNZ4MXN6te0;Antibiotique testé 97
98;RAM_Resultat_Sensibilite_97;RAM_Résultat Sensibilite 97;ohy5y2bmGBL;VxvozYFRn5Q;Antibiotique testé 98
99;RAM_Resultat_Sensibilite_98;RAM_Résultat Sensibilite 98;wAOAfCUIH9U;KJZpSk8FexA;Antibiotique testé 99
100;RAM_Resultat_Sensibilite_99;RAM_Résultat Sensibilite 99;p8m8BkV3fd7;vj9i6cEM3dq;Antibiotique testé 100
101;RAM_Resultat_Sensibilite_100;RAM_Résultat Sensibilite 100;g5M1MEglC8d;N2XRouhdiDQ;Antibiotique testé 101
102;RAM_Resultat_Sensibilite_101;RAM_Résultat Sensibilite 101;nldKQnFS3H2;hNIUIiw7QYd;Antibiotique testé 102
103;RAM_Resultat_Sensibilite_102;RAM_Résultat Sensibilite 102;UXLlPFMsuIS;Px646EhJO9b;Antibiotique testé 103
104;RAM_Resultat_Sensibilite_103;RAM_Résultat Sensibilite 103;PbJQPPZmhl4;L2VyXXqCUVA;Antibiotique testé 104
105;RAM_Resultat_Sensibilite_104;RAM_Résultat Sensibilite 104;wA55eKaOmjH;Ev0Wmi0gXc6;Antibiotique testé 105
106;RAM_Resultat_Sensibilite_105;RAM_Résultat Sensibilite 105;W5QxLQ2a3kZ;wCPFKDjUj02;Antibiotique testé 106
107;RAM_Resultat_Sensibilite_106;RAM_Résultat Sensibilite 106;sPgvBb0cot8;g35tS544kNX;Antibiotique testé 107
108;RAM_Resultat_Sensibilite_107;RAM_Résultat Sensibilite 107;tw3DYfTkDpw;Ti62dtbRf8N;Antibiotique testé 108
109;RAM_Resultat_Sensibilite_108;RAM_Résultat Sensibilite 108;SIr24hOC71t;VTK1WunB642;Antibiotique testé 109
110;RAM_Resultat_Sensibilite_109;RAM_Résultat Sensibilite 109;xOcQ2YKRICj;IGQpIVjYLwK;Antibiotique testé 110
111;RAM_Resultat_Sensibilite_110;RAM_Résultat Sensibilite 110;xtDEl3Dgo8L;s6peJyq4OcH;Antibiotique testé 111
112;RAM_Resultat_Sensibilite_111;RAM_Résultat Sensibilite 111;OEARu3BtkuY;p5SDCheeX0S;Antibiotique testé 112
113;RAM_Resultat_Sensibilite_112;RAM_Résultat Sensibilite 112;cwqpH42cUgO;jFMxEB1dYC9;Antibiotique testé 113
114;RAM_Resultat_Sensibilite_113;RAM_Résultat Sensibilite 113;TFZZYVwiFhf;aK7DYIELcRW;Antibiotique testé 114
115;RAM_Resultat_Sensibilite_114;RAM_Résultat Sensibilite 114;i5Y0CyCopMS;bRvuECnMOHz;Antibiotique testé 115
116;RAM_Resultat_Sensibilite_115;RAM_Résultat Sensibilite 115;Nchag22kq98;FlIXmhhoIGb;Antibiotique testé 116
117;RAM_Resultat_Sensibilite_116;RAM_Résultat Sensibilite 116;MLSGX9QqJyq;Quez4VrsmYV;Antibiotique testé 117
118;RAM_Resultat_Sensibilite_117;RAM_Résultat Sensibilite 117;Vf9AJ4GTKFO;H09gzudPYi2;Antibiotique testé 118
119;RAM_Resultat_Sensibilite_118;RAM_Résultat Sensibilite 118;tpZifbVh6XG;Mdd5Cp2osJ3;Antibiotique testé 119
120;RAM_Resultat_Sensibilite_119;RAM_Résultat Sensibilite 119;GXfd2qwVmZo;TOTYl1zAu0e;Antibiotique testé 120
121;RAM_Resultat_Sensibilite_120;RAM_Résultat Sensibilite 120;jPynX31E6zv;lPxSwW7UHQg;Antibiotique testé 121
122;RAM_Resultat_Sensibilite_121;RAM_Résultat Sensibilite 121;GXi9oRuTnNk;KUAJlpeYMy9;Antibiotique testé 122
123;RAM_Resultat_Sensibilite_122;RAM_Résultat Sensibilite 122;Xbj4dEvX2hK;iuENNnhVC7B;Antibiotique testé 123
124;RAM_Resultat_Sensibilite_123;RAM_Résultat Sensibilite 123;ZZnDNZAphN4;j8nLmycvJWI;Antibiotique testé 124
125;RAM_Resultat_Sensibilite_124;RAM_Résultat Sensibilite 124;dIaKN6pQjPS;ZxygbAX8GJP;Antibiotique testé 125
126;RAM_Resultat_Sensibilite_125;RAM_Résultat Sensibilite 125;JwUvQUDA8vt;xiljt2zxoT3;Antibiotique testé 126
127;RAM_Resultat_Sensibilite_126;RAM_Résultat Sensibilite 126;PAvfTTU6rXC;K4XQg46er0W;Antibiotique testé 127
128;RAM_Resultat_Sensibilite_127;RAM_Résultat Sensibilite 127;Vv9lZrJRFAO;TvhS7NRWz9J;Antibiotique testé 128
129;RAM_Resultat_Sensibilite_128;RAM_Résultat Sensibilite 128;MVKwCGvjgs0;ULv72ss35z0;Antibiotique testé 129
130;RAM_Resultat_Sensibilite_129;RAM_Résultat Sensibilite 129;jU0QMFHnweW;DB2Yt9ZmzBt;Antibiotique testé 130
131;RAM_Resultat_Sensibilite_130;RAM_Résultat Sensibilite 130;ny0e35LLKxJ;tr6ymfRMNgI;Antibiotique testé 131
132;RAM_Resultat_Sensibilite_131;RAM_Résultat Sensibilite 131;lfyxE6IBhZo;WSwBgBElRd4;Antibiotique testé 132
133;RAM_Resultat_Sensibilite_132;RAM_Résultat Sensibilite 132;IQsCE0Zl4kv;gmQhsnPUsNe;Antibiotique testé 133
134;RAM_Resultat_Sensibilite_133;RAM_Résultat Sensibilite 133;zGNi8zfNGsD;SUjghwphj36;Antibiotique testé 134
135;RAM_Resultat_Sensibilite_134;RAM_Résultat Sensibilite 134;YuZzb3Uptng;o8CjO5oREu3;Antibiotique testé 135
136;RAM_Resultat_Sensibilite_135;RAM_Résultat Sensibilite 135;Wy6hue4XcQu;ZOAlTi1d8U3;Antibiotique testé 136
137;RAM_Resultat_Sensibilite_136;RAM_Résultat Sensibilite 136;kqyvuqkzcRu;P7vEeLBGPo2;Antibiotique testé 137
138;RAM_Resultat_Sensibilite_137;RAM_Résultat Sensibilite 137;U974IsrgKT8;DNzbPxXbv8B;Antibiotique testé 138
139;RAM_Resultat_Sensibilite_138;RAM_Résultat Sensibilite 138;TEjPNfoYKi2;G16m7FqcrAw;Antibiotique testé 139
140;RAM_Resultat_Sensibilite_139;RAM_Résultat Sensibilite 139;XFmOa3EcHn8;I9WgySpxCJF;Antibiotique testé 140
141;RAM_Resultat_Sensibilite_140;RAM_Résultat Sensibilite 140;u70Oys6q0ZQ;e3D0OVXrQGe;Antibiotique testé 141
142;RAM_Resultat_Sensibilite_141;RAM_Résultat Sensibilite 141;tjMjf2CVrOU;D5Vq7VXxdvq;Antibiotique testé 142
143;RAM_Resultat_Sensibilite_142;RAM_Résultat Sensibilite 142;W4SwOVDeROn;EHqIIL9vsdc;Antibiotique testé 143
144;RAM_Resultat_Sensibilite_143;RAM_Résultat Sensibilite 143;RKekEUq848u;NNICVRZEFSX;Antibiotique testé 144
145;RAM_Resultat_Sensibilite_144;RAM_Résultat Sensibilite 144;kdjZsoHM4kO;NDFP3gyDm8m;Antibiotique testé 145
146;RAM_Resultat_Sensibilite_145;RAM_Résultat Sensibilite 145;NMzR7inuLyh;aze2ufkwtT5;Antibiotique testé 146
147;RAM_Resultat_Sensibilite_146;RAM_Résultat Sensibilite 146;lAvq4wUSDpg;nfVMYNTH1JI;Antibiotique testé 147
148;RAM_Resultat_Sensibilite_147;RAM_Résultat Sensibilite 147;VWADHRSMNj9;UAQ298iFnms;Antibiotique testé 148
149;RAM_Resultat_Sensibilite_148;RAM_Résultat Sensibilite 148;s4lLTl6cYbs;Ya9S2r63EUH;Antibiotique testé 149
150;RAM_Resultat_Sensibilite_149;RAM_Résultat Sensibilite 149;iZqNMDtArnH;KgClcBxglkR;Antibiotique testé 150