PV_pathogene;pathogene_Name;pathogene_Id;Antibiotique_Name;Antibiotique_Id;Resultat_Name;Resultat_Id
RAM_Agent_pathogene_utilise_1;RAM_Agent pathogène utilisé 1;HfYf2NnHEOP;RAM_Antibiotique teste 1;RS5XjvYHvkm;RAM_Résultat Sensibilite 1;nWFwlV7CTdv
RAM_Agent_pathogene_utilise_2;RAM_Agent pathogène utilisé 2;OIQhoLpkeM5;RAM_Antibiotique teste 2;MstMKnNzcoz;RAM_Résultat Sensibilite 2;O1lPUYWYwT7
RAM_Agent_pathogene_utilise_3;RAM_Agent pathogène utilisé 3;wWGOkwdEWLn;RAM_Antibiotique teste 3;peKv1XPBx8w;RAM_Résultat Sensibilite 3;vHTibj6BLSd
RAM_Agent_pathogene_utilise_4;RAM_Agent pathogène utilisé 4;BW2eDWttKyA;RAM_Antibiotique teste 4;h5ULWuYI4JR;RAM_Résultat Sensibilite 4;OHXroQpP1CQ
RAM_Agent_pathogene_utilise_5;RAM_Agent pathogène utilisé 5;NJ7hCoxo18p;RAM_Antibiotique teste 5;Yr4A7wFYpqm;RAM_Résultat Sensibilite 5;RVUowFQClds
RAM_Agent_pathogene_utilise_6;RAM_Agent pathogène utilisé 6;hijWNRmM7QV;RAM_Antibiotique teste 6;N8S1ZWhoKmf;RAM_Résultat Sensibilite 6;fEltJM2S4gd
RAM_Agent_pathogene_utilise_7;RAM_Agent pathogène utilisé 7;lA2OODkpUdD;RAM_Antibiotique teste 7;x8DnpPeLOhj;RAM_Résultat Sensibilite 7;YrNn0JdFd53
RAM_Agent_pathogene_utilise_8;RAM_Agent pathogène utilisé 8;gw7DF8HKxyW;RAM_Antibiotique teste 8;TU1TJh9Zc0w;RAM_Résultat Sensibilite 8;PSA2STEJus6
RAM_Agent_pathogene_utilise_9;RAM_Agent pathogène utilisé 9;Mz1YsglQ6Rp;RAM_Antibiotique teste 9;bBWokMoNC5w;RAM_Résultat Sensibilite 9;V6wxcLT55PB
RAM_Agent_pathogene_utilise_10;RAM_Agent pathogène utilisé 10;zsJwRiQhtuN;RAM_Antibiotique teste 10;A7h8AnH4ZWN;RAM_Résultat Sensibilite 10;AqTHFHnHPjP
RAM_Agent_pathogene_utilise_11;RAM_Agent pathogène utilisé 11;HubbHxxMxkA;RAM_Antibiotique teste 11;iw4PcIQ7uNC;RAM_Résultat Sensibilite 11;vgMhNvCAeRu
RAM_Agent_pathogene_utilise_12;RAM_Agent pathogène utilisé 12;UgYNvngWtWn;RAM_Antibiotique teste 12;r533xjzwQyZ;RAM_Résultat Sensibilite 12;zUTWZAouFpU
RAM_Agent_pathogene_utilise_13;RAM_Agent pathogène utilisé 13;EFcMTV18GkH;RAM_Antibiotique teste 13;tOhFLaOso7N;RAM_Résultat Sensibilite 13;P7tkQtsPeuw
RAM_Agent_pathogene_utilise_14;RAM_Agent pathogène utilisé 14;GRj65gZ1Isc;RAM_Antibiotique teste 14;NsoislPj53z;RAM_Résultat Sensibilite 14;HCi3zux1kmg
RAM_Agent_pathogene_utilise_15;RAM_Agent pathogène utilisé 15;SIENqZnoYfG;RAM_Antibiotique teste 15;JPtMC9hxDab;RAM_Résultat Sensibilite 15;nfPhKLqxsGH
RAM_Agent_pathogene_utilise_16;RAM_Agent pathogène utilisé 16;fD42foMANeA;RAM_Antibiotique teste 16;GRtEeXW4Hj2;RAM_Résultat Sensibilite 16;jsP2VMUFj2Y
RAM_Agent_pathogene_utilise_17;RAM_Agent pathogène utilisé 17;YiA20FOWy2Y;RAM_Antibiotique teste 17;XkgRCIjbhDM;RAM_Résultat Sensibilite 17;QUfrD0UMm7O
RAM_Agent_pathogene_utilise_18;RAM_Agent pathogène utilisé 18;KcPVBxFLMeU;RAM_Antibiotique teste 18;MQI1aCl21eL;RAM_Résultat Sensibilite 18;Ni0oP04YdRk
RAM_Agent_pathogene_utilise_19;RAM_Agent pathogène utilisé 19;lK0v74X2rUu;RAM_Antibiotique teste 19;usKOOjuIKdf;RAM_Résultat Sensibilite 19;IAGgl5vzTx3
RAM_Agent_pathogene_utilise_20;RAM_Agent pathogène utilisé 20;X5ilHRrU0hT;RAM_Antibiotique teste 20;KQrcvFsEOqw;RAM_Résultat Sensibilite 20;oUmMd1k4Tdw
RAM_Agent_pathogene_utilise_21;RAM_Agent pathogène utilisé 21;VPEb6Ed6YON;RAM_Antibiotique teste 21;mCRtCnw8bQ8;RAM_Résultat Sensibilite 21;RJBt54Z53xV
RAM_Agent_pathogene_utilise_22;RAM_Agent pathogène utilisé 22;l6gPKXxt6ov;RAM_Antibiotique teste 22;pByhxePeqzw;RAM_Résultat Sensibilite 22;yc8hUQN62Ak
RAM_Agent_pathogene_utilise_23;RAM_Agent pathogène utilisé 23;qaKwb28jOQP;RAM_Antibiotique teste 23;qviytf7aP3E;RAM_Résultat Sensibilite 23;HKoRwPnbuh9
RAM_Agent_pathogene_utilise_24;RAM_Agent pathogène utilisé 24;bbqexmvbBH2;RAM_Antibiotique teste 24;gfKScQrZhfT;RAM_Résultat Sensibilite 24;cSGRgdZn21b
RAM_Agent_pathogene_utilise_25;RAM_Agent pathogène utilisé 25;ZZ2OlOrEZUn;RAM_Antibiotique teste 25;KGbFCESAXLw;RAM_Résultat Sensibilite 25;rRiCLJuWj8U
RAM_Agent_pathogene_utilise_26;RAM_Agent pathogène utilisé 26;tMZoIVd2whi;RAM_Antibiotique teste 26;ID86RDFrlVV;RAM_Résultat Sensibilite 26;zsYgL5nvDSx
RAM_Agent_pathogene_utilise_27;RAM_Agent pathogène utilisé 27;OF4HHcAumD3;RAM_Antibiotique teste 27;Ga0YTtIGwsd;RAM_Résultat Sensibilite 27;Q5Fx086TopI
RAM_Agent_pathogene_utilise_28;RAM_Agent pathogène utilisé 28;JZS9JoBmofR;RAM_Antibiotique teste 28;FozSmjB64uC;RAM_Résultat Sensibilite 28;vBqxjW5amgL
RAM_Agent_pathogene_utilise_29;RAM_Agent pathogène utilisé 29;q8bz36JQ1st;RAM_Antibiotique teste 29;jWjh0JADdTL;RAM_Résultat Sensibilite 29;ryGfxzJHK3R
RAM_Agent_pathogene_utilise_30;RAM_Agent pathogène utilisé 30;oyESb6oSJDs;RAM_Antibiotique teste 30;TlZwHM61Nbb;RAM_Résultat Sensibilite 30;dugZRqPmzFb
RAM_Agent_pathogene_utilise_31;RAM_Agent pathogène utilisé 31;sGAciYHwly3;RAM_Antibiotique teste 31;f2QjwRurS56;RAM_Résultat Sensibilite 31;iox9HL78KGi
RAM_Agent_pathogene_utilise_32;RAM_Agent pathogène utilisé 32;NkLEf3CRdSF;RAM_Antibiotique teste 32;f12Ok63ofpV;RAM_Résultat Sensibilite 32;ZKHyz2UAd09
RAM_Agent_pathogene_utilise_33;RAM_Agent pathogène utilisé 33;tKGmQl5PJyc;RAM_Antibiotique teste 33;a8kg1dj82KQ;RAM_Résultat Sensibilite 33;gOSStqTjmAN
RAM_Agent_pathogene_utilise_34;RAM_Agent pathogène utilisé 34;ONErOd4bnh3;RAM_Antibiotique teste 34;nQ0pVG4Jf1X;RAM_Résultat Sensibilite 34;Sw71MbOUBXA
RAM_Agent_pathogene_utilise_35;RAM_Agent pathogène utilisé 35;Wmb61EI0Aao;RAM_Antibiotique teste 35;R3F8bPAZ2yd;RAM_Résultat Sensibilite 35;JZIgDEjoonQ
RAM_Agent_pathogene_utilise_36;RAM_Agent pathogène utilisé 36;hjsmi2MH3nn;RAM_Antibiotique teste 36;teLmQFZDRaH;RAM_Résultat Sensibilite 36;q1ZnlexpyZu
RAM_Agent_pathogene_utilise_37;RAM_Agent pathogène utilisé 37;l3UxdqSLC0W;RAM_Antibiotique teste 37;WDtbKbl9jPQ;RAM_Résultat Sensibilite 37;seYiaJmpkug
RAM_Agent_pathogene_utilise_38;RAM_Agent pathogène utilisé 38;qLP1jLGN4i1;RAM_Antibiotique teste 38;qBqmSzsw1U0;RAM_Résultat Sensibilite 38;t9ja1NR5wn1
RAM_Agent_pathogene_utilise_39;RAM_Agent pathogène utilisé 39;kY03aqnzVTi;RAM_Antibiotique teste 39;oCIA95UrI7X;RAM_Résultat Sensibilite 39;OSdvShSenlf
RAM_Agent_pathogene_utilise_40;RAM_Agent pathogène utilisé 40;rtQdedHUXWh;RAM_Antibiotique teste 40;CEe7TCegRMW;RAM_Résultat Sensibilite 40;B2kTzVJ2l1W
RAM_Agent_pathogene_utilise_41;RAM_Agent pathogène utilisé 41;x3gPGj7Beer;RAM_Antibiotique teste 41;P4X1b8UEZoY;RAM_Résultat Sensibilite 41;PBuiGzcOOEX
RAM_Agent_pathogene_utilise_42;RAM_Agent pathogène utilisé 42;RGsYN0PiRbf;RAM_Antibiotique teste 42;wWhq8FEw4Q6;RAM_Résultat Sensibilite 42;UgmSeYLsNQJ
RAM_Agent_pathogene_utilise_43;RAM_Agent pathogène utilisé 43;SDkk4ikiBO6;RAM_Antibiotique teste 43;Upu1liazBhG;RAM_Résultat Sensibilite 43;ltaDBtxQS9m
RAM_Agent_pathogene_utilise_44;RAM_Agent pathogène utilisé 44;uC5zUSaKgsz;RAM_Antibiotique teste 44;ZU0rIRXTjk4;RAM_Résultat Sensibilite 44;dWasjeY2iHj
RAM_Agent_pathogene_utilise_45;RAM_Agent pathogène utilisé 45;Craa0WqMGXX;RAM_Antibiotique teste 45;QItCWzUJtO6;RAM_Résultat Sensibilite 45;mJqzBgLQc6f
RAM_Agent_pathogene_utilise_46;RAM_Agent pathogène utilisé 46;sKO27jCV4fZ;RAM_Antibiotique teste 46;M0Kj1xeKzlo;RAM_Résultat Sensibilite 46;mQaF27uLh2p
RAM_Agent_pathogene_utilise_47;RAM_Agent pathogène utilisé 47;CJjJwrHi8nA;RAM_Antibiotique teste 47;VAOvUf5n6Cv;RAM_Résultat Sensibilite 47;U2Nr5IxButF
RAM_Agent_pathogene_utilise_48;RAM_Agent pathogène utilisé 48;vllO3kHhxHE;RAM_Antibiotique teste 48;nb9WspcglFY;RAM_Résultat Sensibilite 48;GuZxaIEocgl
RAM_Agent_pathogene_utilise_49;RAM_Agent pathogène utilisé 49;LdnW5uL4Nb0;RAM_Antibiotique teste 49;z9rTr4beL8X;RAM_Résultat Sensibilite 49;xMlRoKWh3f6
RAM_Agent_pathogene_utilise_50;RAM_Agent pathogène utilisé 50;Eibn164z3Lv;RAM_Antibiotique teste 50;XYsQyzzyhCN;RAM_Résultat Sensibilite 50;Vwoiw4O1pRn
RAM_Agent_pathogene_utilise_51;RAM_Agent pathogène utilisé 51;UGbNzYHO47r;RAM_Antibiotique teste 51;RtXFIhU90DG;RAM_Résultat Sensibilite 51;dwx7I4Y5v4w
RAM_Agent_pathogene_utilise_52;RAM_Agent pathogène utilisé 52;OHT0ljzhNMW;RAM_Antibiotique teste 52;v1p6PIbvcZ0;RAM_Résultat Sensibilite 52;rSIX6jFGNQt
RAM_Agent_pathogene_utilise_53;RAM_Agent pathogène utilisé 53;QYBTCHw3ksn;RAM_Antibiotique teste 53;lHtey892Vl1;RAM_Résultat Sensibilite 53;uKOGZtSLk7D
RAM_Agent_pathogene_utilise_54;RAM_Agent pathogène utilisé 54;e1BjmzqZfFU;RAM_Antibiotique teste 54;JhrZJyYJaYD;RAM_Résultat Sensibilite 54;UHHDcGuOjyQ
RAM_Agent_pathogene_utilise_55;RAM_Agent pathogène utilisé 55;edZjnNPljFF;RAM_Antibiotique teste 55;oG4aBpsvKiD;RAM_Résultat Sensibilite 55;EtvXkxMLmi4
RAM_Agent_pathogene_utilise_56;RAM_Agent pathogène utilisé 56;tny7lGoYLKl;RAM_Antibiotique teste 56;h2G4pwRpWzi;RAM_Résultat Sensibilite 56;ZsNuFg54OL0
RAM_Agent_pathogene_utilise_57;RAM_Agent pathogène utilisé 57;R7zQwNI80jq;RAM_Antibiotique teste 57;FwkI6cp2tTI;RAM_Résultat Sensibilite 57;mNkOiEDHg6J
RAM_Agent_pathogene_utilise_58;RAM_Agent pathogène utilisé 58;adJhLg9kRCM;RAM_Antibiotique teste 58;G9t7rgfOULl;RAM_Résultat Sensibilite 58;MJiPmCiVEGe
RAM_Agent_pathogene_utilise_59;RAM_Agent pathogène utilisé 59;gba1xPyi9Yv;RAM_Antibiotique teste 59;D5Uv4Kjv9dA;RAM_Résultat Sensibilite 59;AiyJsDrkgIT
RAM_Agent_pathogene_utilise_60;RAM_Agent pathogène utilisé 60;pgfqYRDTAIU;RAM_Antibiotique teste 60;ZodVKyOjukd;RAM_Résultat Sensibilite 60;OTFR9dzXuNq
RAM_Agent_pathogene_utilise_61;RAM_Agent pathogène utilisé 61;OShF3qc1ZhH;RAM_Antibiotique teste 61;DnZmihqtJ3O;RAM_Résultat Sensibilite 61;Oub35tjVUtg
RAM_Agent_pathogene_utilise_62;RAM_Agent pathogène utilisé 62;Nqxh3XS3tMR;RAM_Antibiotique teste 62;tx8weKTRdZc;RAM_Résultat Sensibilite 62;qP5VL05zjmL
RAM_Agent_pathogene_utilise_63;RAM_Agent pathogène utilisé 63;BR9O5Cr4TQM;RAM_Antibiotique teste 63;wllyqgjolFK;RAM_Résultat Sensibilite 63;agUDydelpn1
RAM_Agent_pathogene_utilise_64;RAM_Agent pathogène utilisé 64;QP59LrHugWC;RAM_Antibiotique teste 64;f7PJ1Hkj6ic;RAM_Résultat Sensibilite 64;YR19HLhia3y
RAM_Agent_pathogene_utilise_65;RAM_Agent pathogène utilisé 65;bsIOwUS7ixn;RAM_Antibiotique teste 65;aeRbOWM43sq;RAM_Résultat Sensibilite 65;GbvldMMf4c7
RAM_Agent_pathogene_utilise_66;RAM_Agent pathogène utilisé 66;u2dh3Wr1nFF;RAM_Antibiotique teste 66;oztvGKQxsWa;RAM_Résultat Sensibilite 66;PDhppauDhIe
RAM_Agent_pathogene_utilise_67;RAM_Agent pathogène utilisé 67;oha1lxQ3Gg7;RAM_Antibiotique teste 67;uF7TrQ6kAB9;RAM_Résultat Sensibilite 67;zjIFzbloROX
RAM_Agent_pathogene_utilise_68;RAM_Agent pathogène utilisé 68;DybdScBw38v;RAM_Antibiotique teste 68;YOa63k6e91Q;RAM_Résultat Sensibilite 68;mch3GxDqsxD
RAM_Agent_pathogene_utilise_69;RAM_Agent pathogène utilisé 69;EwCgKMvIzBr;RAM_Antibiotique teste 69;Ae4jeL4Gzdj;RAM_Résultat Sensibilite 69;cEHK8Jf1UPE
RAM_Agent_pathogene_utilise_70;RAM_Agent pathogène utilisé 70;mlCoucryxhu;RAM_Antibiotique teste 70;k3GofmhfXQ9;RAM_Résultat Sensibilite 70;p9Cy6HQW82o
RAM_Agent_pathogene_utilise_71;RAM_Agent pathogène utilisé 71;u8whBnoKyST;RAM_Antibiotique teste 71;Ft4nf4ioYLE;RAM_Résultat Sensibilite 71;nydJDIp6iTi
RAM_Agent_pathogene_utilise_72;RAM_Agent pathogène utilisé 72;MQ8gv6290Qn;RAM_Antibiotique teste 72;XhQKiysA2La;RAM_Résultat Sensibilite 72;uKyrlRBNiiQ
RAM_Agent_pathogene_utilise_73;RAM_Agent pathogène utilisé 73;c86DFjxYv1e;RAM_Antibiotique teste 73;nPSYHD1TSFs;RAM_Résultat Sensibilite 73;NqepJHzx55M
RAM_Agent_pathogene_utilise_74;RAM_Agent pathogène utilisé 74;MABmZ0T5t3u;RAM_Antibiotique teste 74;EvthqVGfSxw;RAM_Résultat Sensibilite 74;hTrUCQeU50t
RAM_Agent_pathogene_utilise_75;RAM_Agent pathogène utilisé 75;SZAwaXSeP62;RAM_Antibiotique teste 75;QsCztp1VRFt;RAM_Résultat Sensibilite 75;Q72VmXhrr1P
RAM_Agent_pathogene_utilise_76;RAM_Agent pathogène utilisé 76;puytnzOTF26;RAM_Antibiotique teste 76;Uvf5aEQXxIE;RAM_Résultat Sensibilite 76;YiJKr0CEaEe
RAM_Agent_pathogene_utilise_77;RAM_Agent pathogène utilisé 77;j0EWT9Kil8L;RAM_Antibiotique teste 77;DmH9jHfu0it;RAM_Résultat Sensibilite 77;HeGFAiBvcML
RAM_Agent_pathogene_utilise_78;RAM_Agent pathogène utilisé 78;IO2ygfzXEZz;RAM_Antibiotique teste 78;YaJB2NdjWwO;RAM_Résultat Sensibilite 78;vORg5BArXWT
RAM_Agent_pathogene_utilise_79;RAM_Agent pathogène utilisé 79;CE3XzsgKot9;RAM_Antibiotique teste 79;P1Wu1Otkwhb;RAM_Résultat Sensibilite 79;xFuaFTdwjU9
RAM_Agent_pathogene_utilise_80;RAM_Agent pathogène utilisé 80;mZ1LxLs7cXW;RAM_Antibiotique teste 80;xJtbhXCaBi4;RAM_Résultat Sensibilite 80;WQz2bJalZxB
RAM_Agent_pathogene_utilise_81;RAM_Agent pathogène utilisé 81;UbnwSKXzj2n;RAM_Antibiotique teste 81;KTVJOk4rrl4;RAM_Résultat Sensibilite 81;bHz1KQZJTfZ
RAM_Agent_pathogene_utilise_82;RAM_Agent pathogène utilisé 82;zxp0Pxx1a5b;RAM_Antibiotique teste 82;ZJPViITybAT;RAM_Résultat Sensibilite 82;BW3q8Aihokl
RAM_Agent_pathogene_utilise_83;RAM_Agent pathogène utilisé 83;B65IRPQ0GF2;RAM_Antibiotique teste 83;fMvVGfJcIyg;RAM_Résultat Sensibilite 83;aKsRBBCRuKk
RAM_Agent_pathogene_utilise_84;RAM_Agent pathogène utilisé 84;rWHTwPvYgjN;RAM_Antibiotique teste 84;twi8gUasrTp;RAM_Résultat Sensibilite 84;imiCelR0LDi
RAM_Agent_pathogene_utilise_85;RAM_Agent pathogène utilisé 85;S57gFIbrVPy;RAM_Antibiotique teste 85;O2Xwz8glI2x;RAM_Résultat Sensibilite 85;rj3qjcXhNh1
RAM_Agent_pathogene_utilise_86;RAM_Agent pathogène utilisé 86;junry8o5nEg;RAM_Antibiotique teste 86;i9GJ1zfqAJQ;RAM_Résultat Sensibilite 86;Sk4VeRr5FXr
RAM_Agent_pathogene_utilise_87;RAM_Agent pathogène utilisé 87;jqPHFlPe5o6;RAM_Antibiotique teste 87;fByaMarUAd9;RAM_Résultat Sensibilite 87;OqpnDCt2mEj
RAM_Agent_pathogene_utilise_88;RAM_Agent pathogène utilisé 88;M7TsK5M1XhE;RAM_Antibiotique teste 88;wS3ehX8uL9M;RAM_Résultat Sensibilite 88;ePjBBXW2ph3
RAM_Agent_pathogene_utilise_89;RAM_Agent pathogène utilisé 89;PDMU4YPa5EI;RAM_Antibiotique teste 89;pIvRpwrwIqE;RAM_Résultat Sensibilite 89;LPJk2X6uLGm
RAM_Agent_pathogene_utilise_90;RAM_Agent pathogène utilisé 90;Nlh4rNUu2kx;RAM_Antibiotique teste 90;YWaTRhqalZU;RAM_Résultat Sensibilite 90;CURhXr7J9iT
RAM_Agent_pathogene_utilise_91;RAM_Agent pathogène utilisé 91;tfFBT65RtEH;RAM_Antibiotique teste 91;V6yMggGJ9Lx;RAM_Résultat Sensibilite 91;wh4HZiIRDLr
RAM_Agent_pathogene_utilise_92;RAM_Agent pathogène utilisé 92;qvS7ypmms1X;RAM_Antibiotique teste 92;ScIxdw3Z0gT;RAM_Résultat Sensibilite 92;DLyuqXXL6mo
RAM_Agent_pathogene_utilise_93;RAM_Agent pathogène utilisé 93;wLv7s51oxtK;RAM_Antibiotique teste 93;s4CrS8oz673;RAM_Résultat Sensibilite 93;yhydUjma550
RAM_Agent_pathogene_utilise_94;RAM_Agent pathogène utilisé 94;iXUQyHEWRKu;RAM_Antibiotique teste 94;i8P7iv7wI1P;RAM_Résultat Sensibilite 94;hFz0A0CYXbN
RAM_Agent_pathogene_utilise_95;RAM_Agent pathogène utilisé 95;M3XST0TsDcn;RAM_Antibiotique teste 95;YGWbkBA2OI2;RAM_Résultat Sensibilite 95;Cvtw6V2uS2S
RAM_Agent_pathogene_utilise_96;RAM_Agent pathogène utilisé 96;uUZEr5sm0Rb;RAM_Antibiotique teste 96;Yykt9KBcV1C;RAM_Résultat Sensibilite 96;Mde9pDi6Njs
RAM_Agent_pathogene_utilise_97;RAM_Agent pathogène utilisé 97;OVCS67b2iSs;RAM_Antibiotique teste 97;b6HeulZ4KaE;RAM_Résultat Sensibilite 97;ohy5y2bmGBL
RAM_Agent_pathogene_utilise_98;RAM_Agent pathogène utilisé 98;M0xAx5EyOqD;RAM_Antibiotique teste 98;zPFhus96LI6;RAM_Résultat Sensibilite 98;wAOAfCUIH9U
RAM_Agent_pathogene_utilise_99;RAM_Agent pathogène utilisé 99;nsHsEjvXZSR;RAM_Antibiotique teste 99;RANIU4GknDt;RAM_Résultat Sensibilite 99;p8m8BkV3fd7
RAM_Agent_pathogene_utilise_100;RAM_Agent pathogène utilisé 100;WUWaE5XeSRl;RAM_Antibiotique teste 100;UAPRy6GLKRK;RAM_Résultat Sensibilite 100;g5M1MEglC8d
RAM_Agent_pathogene_utilise_101;RAM_Agent pathogène utilisé 101;tFtiBdfcl0k;RAM_Antibiotique teste 101;zvrYyQEZyvO;RAM_Résultat Sensibilite 101;nldKQnFS3H2
RAM_Agent_pathogene_utilise_102;RAM_Agent pathogène utilisé 102;PFmjKsSI6Fn;RAM_Antibiotique teste 102;nVWLmyiZC1z;RAM_Résultat Sensibilite 102;UXLlPFMsuIS
RAM_Agent_pathogene_utilise_103;RAM_Agent pathogène utilisé 103;MZcTWEH9uUM;RAM_Antibiotique teste 103;Ja6TRwc2BRM;RAM_Résultat Sensibilite 103;PbJQPPZmhl4
RAM_Agent_pathogene_utilise_104;RAM_Agent pathogène utilisé 104;qURapqLJnSb;RAM_Antibiotique teste 104;BsPnFFIoNkj;RAM_Résultat Sensibilite 104;wA55eKaOmjH
RAM_Agent_pathogene_utilise_105;RAM_Agent pathogène utilisé 105;RR3mcLLThF2;RAM_Antibiotique teste 105;KDAowNcRmel;RAM_Résultat Sensibilite 105;W5QxLQ2a3kZ
RAM_Agent_pathogene_utilise_106;RAM_Agent pathogène utilisé 106;z2tGiW4ICTJ;RAM_Antibiotique teste 106;aJdk3bguqtk;RAM_Résultat Sensibilite 106;sPgvBb0cot8
RAM_Agent_pathogene_utilise_107;RAM_Agent pathogène utilisé 107;Ui32F2BPKnc;RAM_Antibiotique teste 107;P0b5lQnzuwc;RAM_Résultat Sensibilite 107;tw3DYfTkDpw
RAM_Agent_pathogene_utilise_108;RAM_Agent pathogène utilisé 108;mRktxAe5oIN;RAM_Antibiotique teste 108;AAoyq14wWVy;RAM_Résultat Sensibilite 108;SIr24hOC71t
RAM_Agent_pathogene_utilise_109;RAM_Agent pathogène utilisé 109;CgZ7AvAuFR5;RAM_Antibiotique teste 109;GFcK4yTqhi2;RAM_Résultat Sensibilite 109;xOcQ2YKRICj
RAM_Agent_pathogene_utilise_110;RAM_Agent pathogène utilisé 110;uPrhLsGYHsl;RAM_Antibiotique teste 110;x8dObXLpuPh;RAM_Résultat Sensibilite 110;xtDEl3Dgo8L
RAM_Agent_pathogene_utilise_111;RAM_Agent pathogène utilisé 111;Jln6GCf1Gwi;RAM_Antibiotique teste 111;t2TKYzU8RSZ;RAM_Résultat Sensibilite 111;OEARu3BtkuY
RAM_Agent_pathogene_utilise_112;RAM_Agent pathogène utilisé 112;BTUyfco2KG4;RAM_Antibiotique teste 112;BOvx8lxZSAQ;RAM_Résultat Sensibilite 112;cwqpH42cUgO
RAM_Agent_pathogene_utilise_113;RAM_Agent pathogène utilisé 113;uvBm42OKvum;RAM_Antibiotique teste 113;NJp7BjqMz9d;RAM_Résultat Sensibilite 113;TFZZYVwiFhf
RAM_Agent_pathogene_utilise_114;RAM_Agent pathogène utilisé 114;ckJBZY7MIGu;RAM_Antibiotique teste 114;vHNcbU6afr7;RAM_Résultat Sensibilite 114;i5Y0CyCopMS
RAM_Agent_pathogene_utilise_115;RAM_Agent pathogène utilisé 115;eXquL94U0cf;RAM_Antibiotique teste 115;iggYPqNQl9f;RAM_Résultat Sensibilite 115;Nchag22kq98
RAM_Agent_pathogene_utilise_116;RAM_Agent pathogène utilisé 116;kIqGrQGa5Ab;RAM_Antibiotique teste 116;s4JGnwMAz1o;RAM_Résultat Sensibilite 116;MLSGX9QqJyq
RAM_Agent_pathogene_utilise_117;RAM_Agent pathogène utilisé 117;hjxW24YNVuz;RAM_Antibiotique teste 117;SI7cToshfin;RAM_Résultat Sensibilite 117;Vf9AJ4GTKFO
RAM_Agent_pathogene_utilise_118;RAM_Agent pathogène utilisé 118;qWRC8ncaGcB;RAM_Antibiotique teste 118;PWjMEvYZfFC;RAM_Résultat Sensibilite 118;tpZifbVh6XG
RAM_Agent_pathogene_utilise_119;RAM_Agent pathogène utilisé 119;WnAmhiZOjtO;RAM_Antibiotique teste 119;fPgJjxQx0bu;RAM_Résultat Sensibilite 119;GXfd2qwVmZo
RAM_Agent_pathogene_utilise_120;RAM_Agent pathogène utilisé 120;V8ZvteFOp6V;RAM_Antibiotique teste 120;J415mst1JhO;RAM_Résultat Sensibilite 120;jPynX31E6zv
RAM_Agent_pathogene_utilise_121;RAM_Agent pathogène utilisé 121;qF4Sb71Yf7j;RAM_Antibiotique teste 121;YQ0aSjYJyXt;RAM_Résultat Sensibilite 121;GXi9oRuTnNk
RAM_Agent_pathogene_utilise_122;RAM_Agent pathogène utilisé 122;M9DjSPrTxOc;RAM_Antibiotique teste 122;ZcZVbVgn337;RAM_Résultat Sensibilite 122;Xbj4dEvX2hK
RAM_Agent_pathogene_utilise_123;RAM_Agent pathogène utilisé 123;l4AkkSe5pji;RAM_Antibiotique teste 123;xnxIlGWd6QJ;RAM_Résultat Sensibilite 123;ZZnDNZAphN4
RAM_Agent_pathogene_utilise_124;RAM_Agent pathogène utilisé 124;tC3ueqbXrSE;RAM_Antibiotique teste 124;YU0mCcW3VYF;RAM_Résultat Sensibilite 124;dIaKN6pQjPS
RAM_Agent_pathogene_utilise_125;RAM_Agent pathogène utilisé 125;nCv3LeEiuPW;RAM_Antibiotique teste 125;PpCdZTBmxJx;RAM_Résultat Sensibilite 125;JwUvQUDA8vt
RAM_Agent_pathogene_utilise_126;RAM_Agent pathogène utilisé 126;zfKqrQcBfSj;RAM_Antibiotique teste 126;javx6uwYnRN;RAM_Résultat Sensibilite 126;PAvfTTU6rXC
RAM_Agent_pathogene_utilise_127;RAM_Agent pathogène utilisé 127;kYkmIdjbzXo;RAM_Antibiotique teste 127;hX7NtzgXQT4;RAM_Résultat Sensibilite 127;Vv9lZrJRFAO
RAM_Agent_pathogene_utilise_128;RAM_Agent pathogène utilisé 128;grm3GMxU9Kh;RAM_Antibiotique teste 128;rpRyuGGKDtK;RAM_Résultat Sensibilite 128;MVKwCGvjgs0
RAM_Agent_pathogene_utilise_129;RAM_Agent pathogène utilisé 129;nhMsmyR7M8X;RAM_Antibiotique teste 129;QK6Hf48KGui;RAM_Résultat Sensibilite 129;jU0QMFHnweW
RAM_Agent_pathogene_utilise_130;RAM_Agent pathogène utilisé 130;slGAugt17sV;RAM_Antibiotique teste 130;X0GB37I4cWh;RAM_Résultat Sensibilite 130;ny0e35LLKxJ
RAM_Agent_pathogene_utilise_131;RAM_Agent pathogène utilisé 131;JerivFeI7cN;RAM_Antibiotique teste 131;tBfFBQUT3gK;RAM_Résultat Sensibilite 131;lfyxE6IBhZo
RAM_Agent_pathogene_utilise_132;RAM_Agent pathogène utilisé 132;G1iziSxXAzD;RAM_Antibiotique teste 132;yEj6I7lUmaw;RAM_Résultat Sensibilite 132;IQsCE0Zl4kv
RAM_Agent_pathogene_utilise_133;RAM_Agent pathogène utilisé 133;m3ChUlC2xfl;RAM_Antibiotique teste 133;PFDAc4yHofh;RAM_Résultat Sensibilite 133;zGNi8zfNGsD
RAM_Agent_pathogene_utilise_134;RAM_Agent pathogène utilisé 134;RYgz2ZP2oMT;RAM_Antibiotique teste 134;Sn7O1Dl2Gb2;RAM_Résultat Sensibilite 134;YuZzb3Uptng
RAM_Agent_pathogene_utilise_135;RAM_Agent pathogène utilisé 135;fX3c4R0eu0q;RAM_Antibiotique teste 135;HipWpjmekaW;RAM_Résultat Sensibilite 135;Wy6hue4XcQu
RAM_Agent_pathogene_utilise_136;RAM_Agent pathogène utilisé 136;bPyU63VhY5D;RAM_Antibiotique teste 136;P89cJ8epHCb;RAM_Résultat Sensibilite 136;kqyvuqkzcRu
RAM_Agent_pathogene_utilise_137;RAM_Agent pathogène utilisé 137;webeVEPcXTG;RAM_Antibiotique teste 137;O6SLeuDT0TV;RAM_Résultat Sensibilite 137;U974IsrgKT8
RAM_Agent_pathogene_utilise_138;RAM_Agent pathogène utilisé 138;vx9fmXY2y5z;RAM_Antibiotique teste 138;qb4BnZGiO59;RAM_Résultat Sensibilite 138;TEjPNfoYKi2
RAM_Agent_pathogene_utilise_139;RAM_Agent pathogène utilisé 139;u32QPuzXhv2;RAM_Antibiotique teste 139;UfWhSGFCimX;RAM_Résultat Sensibilite 139;XFmOa3EcHn8
RAM_Agent_pathogene_utilise_140;RAM_Agent pathogène utilisé 140;HVXil4YEpG8;RAM_Antibiotique teste 140;yeH81Bwz8Ri;RAM_Résultat Sensibilite 140;u70Oys6q0ZQ
RAM_Agent_pathogene_utilise_141;RAM_Agent pathogène utilisé 141;n7v2I2afudv;RAM_Antibiotique teste 141;S9DbAUVC17b;RAM_Résultat Sensibilite 141;tjMjf2CVrOU
RAM_Agent_pathogene_utilise_142;RAM_Agent pathogène utilisé 142;VM4dD6isGfK;RAM_Antibiotique teste 142;h0vSGKbMyuu;RAM_Résultat Sensibilite 142;W4SwOVDeROn
RAM_Agent_pathogene_utilise_143;RAM_Agent pathogène utilisé 143;q2tCQmVJo4y;RAM_Antibiotique teste 143;QRN9mr9QpaH;RAM_Résultat Sensibilite 143;RKekEUq848u
RAM_Agent_pathogene_utilise_144;RAM_Agent pathogène utilisé 144;wk0JiigTO1z;RAM_Antibiotique teste 144;gEutWHnzgZW;RAM_Résultat Sensibilite 144;kdjZsoHM4kO
RAM_Agent_pathogene_utilise_145;RAM_Agent pathogène utilisé 145;wuV3LVjEN29;RAM_Antibiotique teste 145;gptHhRcXXsw;RAM_Résultat Sensibilite 145;NMzR7inuLyh
RAM_Agent_pathogene_utilise_146;RAM_Agent pathogène utilisé 146;JYMi0CUQ1Rv;RAM_Antibiotique teste 146;b89DE3ZY4m5;RAM_Résultat Sensibilite 146;lAvq4wUSDpg
RAM_Agent_pathogene_utilise_147;RAM_Agent pathogène utilisé 147;yXIU4yl6zqu;RAM_Antibiotique teste 147;G0SIxj4G3dk;RAM_Résultat Sensibilite 147;VWADHRSMNj9
RAM_Agent_pathogene_utilise_148;RAM_Agent pathogène utilisé 148;jIjQ2Nk3W1M;RAM_Antibiotique teste 148;wm3BjR6wH8u;RAM_Résultat Sensibilite 148;s4lLTl6cYbs
RAM_Agent_pathogene_utilise_149;RAM_Agent pathogène utilisé 149;dumKFsTUjXL;RAM_Antibiotique teste 149;l6rOlczCH7F;RAM_Résultat Sensibilite 149;iZqNMDtArnH
RAM_Agent_pathogene_utilise_150;RAM_Agent pathogène utilisé 150;HWhhsB3O29A;RAM_Antibiotique teste 150;BCvkojgPQkg;RAM_Résultat Sensibilite 150;oCVnl23se00